{"cameraMode":{"drawMode":0,"name":"Shaded","section":"Shading Mode"},"sceneLighting":true,"audioPlay":false,"sceneViewState":{"m_AlwaysRefresh":false,"showFog":true,"showSkybox":true,"showFlares":true,"showImageEffects":true,"showParticleSystems":true,"showVisualEffectGraphs":true,"m_FxEnabled":true},"in2DMode":false,"pivot":{"x":-7.652562618255615,"y":1.2064164876937867,"z":0.23907971382141114},"rotation":{"x":0.07364208996295929,"y":-0.5332741141319275,"z":0.046696923673152927,"w":0.8414502739906311},"size":4.723725318908691,"orthographic":false}